Local Code,ISIN Code,Total Amount on Offer,Total Allotted,Average Discount Rate,Average Competitive Yield,Settlement Date,Maturity Date,Number of Days
SGTB000741,SZT000667410,60,60,7.80%,7.96%,4-Jan-18,6-Apr-18,92
SGTB000742,SZT000667426,60,60,7.80%,7.95%,12-Jan-18,13-Apr-18,91
SGTB000743,SZT000667434,60,60,7.80%,7.95%,19-Jan-18,20-Apr-18,91
SGTB000744,SZT000667442,60,47.16,7.82%,7.97%,26-Jan-18,27-Apr-18,91
SGTB000745,SZT000667459,60,60,7.70%,7.85%,2-Feb-18,4-May-18,91
SGTB000746,SZT000667467,60,58.49,7.77%,7.93%,9-Feb-18,11-May-18,91
SGTB000747,SZT000667475,60,58.41,7.81%,7.97%,16-Feb-18,18-May-18,91
SGTB000748,SZT000667483,60,60,7.77%,7.92%,23-Feb-18,25-May-18,91
SGTB000749,SZT000667491,60,60,7.76%,7.92%,2-Mar-18,1-Jun-18,91
SGTB000750,SZT000667509,60,60,7.76%,7.91%,9-Mar-18,8-Jun-18,91
SGTB000751,SZT000667517,60,60,7.75%,7.90%,16-Mar-18,15-Jun-18,91
SGTB000752,SZT000667525,60,54.25,7.75%,7.90%,23-Mar-18,22-Jun-18,91
SGTB000753,SZT000667533,60,40.56,7.73%,7.89%,29-Mar-18,29-Jun-18,92
SGTB000754,SZT000667543,60,42.84,7.72%,7.87%,6-Apr-18,6-Jul-18,91
SGTB000755,SZT000667558,60,39.42,7.76%,7.91%,13-Apr-18,13-Jul-18,91
SGTB000756,SZT000667566,60,60,7.70%,7.84%,23-Apr-18,20-Jul-18,88
SGTB000757,SZT000667574,60,60,7.64%,7.79%,27-Apr-18,27-Jul-18,91
SGTB000758,SZT000667582,60,44.8,7.62%,7.77%,4-May-18,3-Aug-18,91
SGTB000759,SZT000667590,60,60,7.55%,7.70%,11-May-18,10-Aug-18,91
SGTB000760,SZT000667608,60,56.77,7.55%,7.69%,18-May-18,17-Aug-18,91
SGTB000761,SZT000667616,60,52.42,7.47%,7.61%,25-May-18,24-Aug-18,91
SGTB000762,SZT000667624,60,33.42,7.51%,7.65%,1-Jun-18,31-Aug-18,91
SGTB000763,SZT000667632,60,25.72,7.54%,7.68%,8-Jun-18,7-Sep-18,91
SGTB000764,SZT000667640,60,25.03,7.55%,7.70%,15-Jun-18,14-Sep-18,91
SGTB000765,SZT000667657,60,46.92,7.50%,7.65%,22-Jun-18,21-Sep-18,91
SGTB000766,SZT000667665,60,57.83,7.45%,7.60%,29-Jun-18,28-Sep-18,91
SGTB000767,SZT000667673,60,36.75,7.50%,7.64%,6-Jul-18,5-Oct-18,91
SGTB000768,SZT000667681,60,39.84,7.49%,7.68%,13-Jul-18,12-Oct-18,91
SGTB000769,SZT000667699,60,60,7.50%,7.64%,20-Jul-18,19-Oct-18,91
SGTB000770,SZT000667707,60,56.91,7.51%,7.65%,27-Jul-18,26-Oct-18,91
SGTB000771,SZT000667715,60,51.51,7.51%,7.65%,3-Aug-18,2-Nov-18,91
SGTB000772,SZT000667723,60,60,7.51%,7.65%,10-Aug-18,9-Nov-18,91
SGTB000773,SZT000667731,60,51.32,7.48%,7.63%,17-Aug-18,16-Nov-18,91
SGTB000774,SZT000667749,60,39.03,7.45%,7.59%,24-Aug-18,23-Nov-18,91
SGTB000775,SZT000667756,60,51.2,7.46%,7.60%,31-Aug-18,30-Nov-18,91
SGTB000776,SZT000667764,60,23.17,7.54%,7.68%,7-Sep-18,7-Dec-18,91
SGTB000777,SZT000667772,60,20.7,7.51%,7.65%,14-Sep-18,14-Dec-18,91
SGTB000778,SZT000667780,60,45.63,7.52%,7.66%,24-Sep-18,21-Dec-18,88
SGTB000779,SZT000667798,60,67.66,7.53%,7.67%,28-Sep-18,28-Dec-18,91
SGTB000780,SZT000667806,60,57.02,7.55%,7.70%,5-Oct-18,4-Jan-19,91
SGTB000781,SZT000667814,60,79.18,7.53%,7.68%,12-Oct-18,11-Jan-19,91
SGTB000782,SZT000667822,60,62.2,7.52%,7.67%,19-Oct-18,18-Jan-19,91
SGTB000783,SZT000667830,60,90,7.52%,7.66%,26-Oct-18,25-Jan-19,91
SGTB000784,SZT000667848,60,57.53,7.51%,7.65%,2-Nov-18,1-Feb-19,91
SGTB000785,SZT000667855,60,81.47,7.52%,7.66%,9-Nov-18,8-Feb-19,91
SGTB000786,SZT000667863,60,31.8,7.53%,7.67%,16-Nov-18,15-Feb-19,91
SGTB000787,SZT000667871,60,39.85,7.51%,7.65%,23-Nov-18,22-Feb-19,91
SGTB000788,SZT000667889,60,70.33,7.50%,7.64%,30-Nov-18,1-Mar-19,91
SGTB000789,SZT000667897,60,40.91,7.49%,7.64%,7-Dec-18,8-Mar-19,91
SGTB000790,SZT000667905,60,20.74,7.48%,7.62%,14-Dec-18,15-Mar-19,91
SGTB000791,SZT000667913,60,43.63,7.49%,7.64%,21-Dec-18,22-Mar-19,91
SGTB000792,SZT000667921,60,65.1,7.50%,7.65%,28-Dec-18,29-Mar-19,91
SGTB000793,SZT000667939,60,27.43,7.51%,7.65%,4-Jan-19,5-Apr-19,91
SGTB000794,SZT000667947,60,62.64,7.52%,7.66%,11-Jan-19,12-Apr-19,91
SGTB000795,SZT000667954,60,54.05,7.53%,7.68%,18-Jan-19,18-Apr-19,90
SGTB000796,SZT000667962,60,68.68,7.47%,7.61%,25-Jan-19,26-Apr-19,91
SGTB000797,SZT000667970,60,90,7.45%,7.59%,1-Feb-19,3-May-19,91
SGTB000798,SZT000667988,60,68.29,7.52%,7.66%,8-Feb-19,10-May-19,91
SGTB000799,SZT000667996,60,32.38,7.49%,7.63%,15-Feb-19,17-May-19,91
SGTB000800,SZT000668004,60,36.11,7.50%,7.64%,22-Feb-19,24-May-19,91
SGTB000801,SZT000668012,60,70.59,7.50%,7.64%,1-Mar-19,31-May-19,91
SGTB000802,SZT000668024,60,31.28,7.49%,7.63%,8-Mar-19,7-Jun-19,91
SGTB000803,SZT000668036,60,15.15,7.47%,7.61%,15-Mar-19,14-Jun-19,91
SGTB000804,SZT000668048,60,38.73,7.49%,7.63%,22-Mar-19,21-Jun-19,91
SGTB000805,SZT000668051,60,56.93,7.50%,7.65%,29-Mar-19,28-Jun-19,91
SGTB000806,SZT000668063,60,57.51,7.47%,7.62%,5-Apr-19,5-Jul-19,91
SGTB000807,SZT000668075,60,65.16,7.52%,7.66%,12-Apr-19,12-Jul-19,91
SGTB000808,SZT000668087,60,54.32,7.50%,7.65%,18-Apr-19,19-Jul-19,92
SGTB000809,SZT000668099,60,45.5,7.51%,7.65%,29-Apr-19,26-Jul-19,88
SGTB000810,SZT000668101,60,54.49,7.53%,7.68%,3-May-19,2-Aug-19,91
SGTB000811,SZT000668113,60,56.2,7.52%,7.66%,10-May-19,9-Aug-19,91
SGTB000812,SZT000668125,60,58.75,7.51%,7.66%,17-May-19,16-Aug-19,91
SGTB000813,SZT000668137,60,43.73,7.51%,7.65%,24-May-19,23-Aug-19,91
SGTB000814,SZT000668149,60,41.67,7.52%,7.66%,31-May-19,30-Aug-19,91
SGTB000815,SZT000668152,60,34.05,7.52%,7.66%,7-Jun-19,5-Sep-19,90
SGTB000816,SZT000668164,60,0,0.00%,0.00%,14-Jun-19,13-Sep-19,91
SGTB000817,SZT000668176,60,65.93,7.52%,7.67%,21-Jun-19,20-Sep-19,91
SGTB000818,SZT000668188,60,26.96,7.49%,7.63%,28-Jun-19,27-Sep-19,91
SGTB000819,SZT000668190,60,33.03,7.50%,7.64%,5-Jul-19,4-Oct-19,91
SGTB000820,SZT000668202,60,20.27,7.51%,7.65%,12-Jul-19,11-Oct-19,91
SGTB000821,SZT000668214,60,19.86,7.48%,7.62%,19-Jul-19,18-Oct-19,91
SGTB000822,SZT000668226,60,14.46,7.49%,7.64%,26-Jul-19,25-Oct-19,91
SGTB000823,SZT000668238,60,53.97,7.44%,7.58%,2-Aug-19,1-Nov-19,91
SGTB000824,SZT000668240,60,35.9,7.47%,7.61%,9-Aug-19,8-Nov-19,91
SGTB000825.,SZTOOO668253,60,4.37,7.47%,7.61%,16-Aug-19,15-Nov-19,91
SGTB000826,SZT000668265,60,47.37,7.51%,7.66%,23-Aug-19,22-Nov-19,91
SGTB000827,SZT000668277,60,47.59,7.47%,7.61%,30-Aug-19,29-Nov-19,91
SGTB000828,SZT000668289,60,23.96,7.47%,7.61%,5-Sep-19,5-Dec-19,91
SGTB000829,SZT000668291,60,14.73,7.48%,7.62%,13-Sep-19,13-Dec-19,91
SGTB000830,SZT000668303,60,27.23,7.48%,7.62%,20-Sep-19,20-Dec-19,91
SGTB000831,SZT000668315,60,28.72,7.45%,7.59%,27-Sep-19,27-Dec-19,91
SGTB000832,SZT000668327,60,21.28,7.48%,7.62%,4-Oct-19,3-Jan-20,91
SGTB000833,SZT000668339,60,22.09,7.49%,7.63%,11-Oct-19,10-Jan-20,91
SGTB000834,SZT000668341,60,24.95,7.50%,7.65%,18-Oct-19,17-Jan-20,91
SGTB000835,SZT000668354,60,49.07,7.39%,7.53%,25-Oct-19,24-Jan-20,91
SGTB000836,SZT000668366,60,13.24,7.44%,7.58%,1-Nov-19,31-Jan-20,91
SGTB000837,SZT000668378,60,45.01,7.39%,7.53%,8-Nov-19,7-Feb-20,91
SGTB000838,SZT000668380,60,52.17,7.37%,7.51%,15-Nov-19,14-Feb-20,91
SGTB000839,SZT000668398,30,31.55,7.41%,7.55%,22-Nov-19,21-Feb-20,91
SGTB000840,SZT000668406,30,41.67,7.41%,7.55%,29-Nov-19,28-Feb-20,91
SGTB000841,SZT000668414,30,45,7.38%,7.52%,6-Dec-19,6-Mar-20,91
SGTB000842,SZT000668422,30,45,7.36%,7.50%,13-Dec-19,13-Mar-20,91
SGTB000843,SZT000668430,30,45,7.39%,7.53%,20-Dec-19,20-Mar-20,91
SGTB000844,SZT000668448,30,45,7.45%,7.59%,27-Dec-19,27-Mar-20,91
SGTB000845,SZT000668455,30,7.12,7.45%,7.59%,3-Jan-20,3-Apr-20,91
SGTB000846,SZT000668463,30,40.72,7.48%,7.63%,10-Jan-20,9-Apr-20,90
SGTB000847,SZT000668471,30,45,7.41%,7.55%,17-Jan-20,17-Apr-20,91
SGTB000848,SZT000668489,30,35.01,7.47%,7.61%,24-Jan-20,24-Apr-20,91
SGTB000849,SZT000668497,30,30.63,7.53%,7.68%,31-Jan-20,30-Apr-20,90
SGTB000850,SZT000668505,30,17.04,7.57%,7.71%,7-Feb-20,8-May-20,91
SGTB000851,SZT000668513,30,30,7.34%,7.47%,14-Feb-20,15-May-20,91
SGTB000852,SZT000668521,30,18.53,7.45%,7.59%,21-Feb-20,22-May-20,91
SGTB000853,SZT000668539,30,42.65,7.45%,7.59%,28-Feb-20,29-May-20,91
SGTB000854,SZT000668547,30,25.8,7.45%,7.59%,6-Mar-20,5-Jun-20,91
SGTB000855,SZT000668554,30,45,7.40%,7.54%,13-Mar-20,12-Jun-20,91
SGTB000856,SZT000668562,30,45,7.40%,7.53%,20-Mar-20,19-Jun-20,91
SGTB000857,SZT000668570,30,23.33,7.29%,7.43%,27-Mar-20,26-Jun-20,91
SGTB000858,SZT000668588,30,45,7.30%,7.43%,3-Apr-20,3-Jul-20,91
SGTB000859,SZT000668596,30,45,7.29%,7.43%,9-Apr-20,10-Jul-20,92
SGTB000860,SZT000668604,30,45,7.18%,7.31%,17-Apr-20,17-Jul-20,91
SGTB000861,SZT000668612,30,45,7.19%,7.32%,24-Apr-20,24-Jul-20,91
SGTB000862,SZT000668620,30,12.14,5.26%,5.33%,30-Apr-20,31-Jul-20,92
SGTB000863,SZT000668638,30,45,5.29%,5.36%,8-May-20,7-Aug-20,91
SGTB000864,SZT000668646,30,45,5.24%,5.31%,15-May-20,14-Aug-20,91
SGTB000865,SZT000668653,30,45,5.20%,5.27%,22-May-20,21-Aug-20,91
SGTB000866,SZT000668661,30,45,4.77%,4.83%,29-May-20,28-Aug-20,91
SGTB000867,SZT000668679,30,45,4.77%,4.83%,5-Jun-20,4-Sep-20,91
SGTB000868,SZT000668687,30,11.07,4.77%,4.83%,12-Jun-20,11-Sep-20,91
SGTBOOO869,SZTOOO668695,30,10.81,4.77%,4.83%,19-Jun-20,18-Sep-20,91
SGTB000870,SZT000668703,30,4.51,4.77%,4.83%,26-Jun-20,25-Sep-20,91
SGTB000871,SZT000668711,30,21.91,4.78%,4.84%,3-Jul-20,2-Oct-20,91
SGTB000872,SZT000668729,30,43.8,4.78%,4.83%,10-Jul-20,9-Oct-20,91
SGTB000873,SZT000668737,30,30.16,4.74%,4.80%,17-Jul-20,16-Oct-20,91
SGTB000874,SZT000668745,30,21.78,4.72%,4.78%,24-Jul-20,23-Oct-20,91
SGTB000875,SZT000668752,30,29.46,4.70%,4.76%,31-Jul-20,30-Oct-20,91
SGTB000876,SZT000668760,30,43.68,4.70%,4.75%,7-Aug-20,6-Nov-20,91
SGTB000877,SZT000668778,30,45,4.72%,4.78%,14-Aug-20,13-Nov-20,91
SGTB000878,SZT000668786,30,45,4.65%,4.70%,21-Aug-20,20-Nov-20,91
SGTB000879,SZT000668794,30,45,4.58%,4.63%,28-Aug-20,27-Nov-20,91
SGTB000880,SZT000668802,30,45,4.53%,4.58%,4-Sep-20,4-Dec-20,91
SGTB000881,SZT000668810,30,45,4.47%,4.52%,11-Sep-20,11-Dec-20,91
SGTB000882,SZT000668828,30,45,4.45%,4.50%,18-Sep-20,18-Dec-20,91
SGTB000883,SZT000668836,30,37.34,4.45%,4.50%,25-Sep-20,24-Dec-20,90
SGTB000884,SZT000668844,30,57.86,4.43%,4.48%,2-Oct-20,31-Dec-20,90
SGTB000885,SZT000668851,30,60,4.43%,4.47%,9-Oct-20,8-Jan-21,91
SGTB000886,SZT000668869,30,17.8,4.42%,4.47%,16-Oct-20,15-Jan-21,91
SGTB000887,SZT000668877,30,48.83,4.42%,4.47%,23-Oct-20,22-Jan-21,91
SGTB000888,SZT000668885,30,60,4.39%,4.44%,30-Oct-20,29-Jan-21,91
SGTB000889,SZT000668893,30,58.51,4.39%,4.44%,6-Nov-20,5-Feb-21,91
SGTB000890,SZT000668901,30,60,4.38%,4.43%,13-Nov-20,12-Feb-21,91
SGTB000891,SZT000668919,30,29.26,4.36%,4.40%,20-Nov-20,19-Feb-21,91
SGTB000892,SZT000668927,30,41.07,4.36%,4.40%,27-Nov-20,26-Feb-21,91
SGTB000893,SZT000668935,30,34.97,4.39%,4.44%,4-Dec-20,5-Mar-21,91
SGTB000894,SZT000668943,30,31.05,4.35%,4.40%,11-Dec-20,12-Mar-21,91
SGTB000895,SZT000668950,30,45.86,4.40%,4.45%,18-Dec-20,19-Mar-21,91
SGTB000896,SZT000668968,30,60,4.33%,4.38%,24-Dec-20,26-Mar-21,92
SGTB000897,SZT000668976,30,60,4.21%,4.25%,31-Dec-20,1-Apr-21,91
SGTB000898,SZT000668984,30,42.38,4.23%,4.28%,8-Jan-21,9-Apr-21,91
SGTB000899,SZT000668992,30,33.39,4.14%,4.19%,15-Jan-21,16-Apr-21,91
SGTB000900,SZT000669008,30,12.47,4.14%,4.19%,22-Jan-21,23-Apr-21,91
SGTB000901,SZT000669016,30,38.69,4.21%,4.25%,29-Jan-21,30-Apr-21,91
SGTB000902,SZT000669024,30,60,4.13%,4.17%,5-Feb-21,7-May-21,91
SGTB000903,SZT000669032,30,43.51,4.15%,4.19%,12-Feb-21,14-May-21,91
SGTB000904,SZT000669040,30,57.75,4.19%,4.23%,19-Feb-21,21-May-21,91
SGTB000905,SZT000669057,30,41.99,4.23%,4.28%,26-Feb-21,28-May-21,91
SGTB000906,SZT000669065,30,50.07,4.25%,4.29%,5-Mar-21,4-Jun-21,91
SGTB000907,SZT000669073,30,40.41,4.29%,4.33%,12-Mar-21,11-Jun-21,91
SGTB000908,SZT000669081,30,60,4.25%,4.30%,19-Mar-21,18-Jun-21,91
SGTB000909,SZT000669099,30,60,4.26%,4.30%,26-Mar-21,25-Jun-21,91
SGTB000910,SZT000669107,30,1.61,4.26%,4.30%,1-Apr-21,2-Jul-21,92
SGTB000911,SZT000669115,30,60,4.29%,4.33%,9-Apr-21,9-Jul-21,91
SGTB000912,SZT000669123,30,60,4.30%,4.35%,16-Apr-21,16-Jul-21,91
SGTB000913,SZT000669131,30,60,4.28%,4.32%,23-Apr-21,23-Jul-21,91
SGTB000914,SZT000669149,30,60,4.28%,4.32%,30-Apr-21,30-Jul-21,91
SGTB000915,SZT000669156,30,31.52,4.29%,4.34%,7-May-21,6-Aug-21,91
SGTB000916,SZT000669164,30,21.44,4.30%,4.35%,14-May-21,13-Aug-21,91
SGTB000917,SZT000669172,30,60,4.31%,4.36%,21-May-21,20-Aug-21,91
SGTB000918,SZT000669180,30,60,4.27%,4.32%,28-May-21,27-Aug-21,91
SGTB000919,SZT000669198,30,44.78,4.32%,4.36%,4-Jun-21,3-Sep-21,91
SGTB000920,SZT000669206,30,60,4.34%,4.38%,11-Jun-21,10-Sep-21,91
SGTB000921,SZT000669214,30,60,4.30%,4.35%,18-Jun-21,17-Sep-21,91
SGTB000922,SZT000669222,30,60,4.34%,4.38%,25-Jun-21,24-Sep-21,91
SGTB000923,SZT000669230,30,60,4.29%,4.34%,2-Jul-21,1-Oct-21,91
SGTB000924,SZT000669248,30,60,4.31%,4.36%,9-Jul-21,8-Oct-21,91
SGTB000925,SZT000669255,30,60,4.08%,4.13%,16-Jul-21,15-Oct-21,91
SGTB000926,SZT000669263,30,60,4.28%,4.33%,23-Jul-21,22-Oct-21,91
SGTB000927,SZT000669271,30,60,4.46%,4.51%,30-Jul-21,29-Oct-21,91
SGTB000928,SZT000669289,30,60,4.52%,4.57%,6-Aug-21,5-Nov-21,91
SGTB000929,SZT000669297,30,60,4.46%,4.52%,13-Aug-21,12-Nov-21,91
SGTB000930,SZT000669305,30,60,4.46%,4.51%,20-Aug-21,19-Nov-21,91
SGTB000931,SZT000669313,30,60,4.47%,4.52%,27-Aug-21,26-Nov-21,91
SGTB000932,SZT000669321,30,60,4.50%,4.55%,3-Sep-21,3-Dec-21,91
SGTB000933,SZT000669339,30,60,4.50%,4.55%,10-Sep-21,10-Dec-21,91
SGTB000934,SZT000669347,30,60,4.53%,4.58%,17-Sep-21,17-Dec-21,91
SGTB000935,SZT000669354,30,60,4.49%,4.54%,24-Sep-21,24-Dec-21,91
SGTB000936,SZT000669362,30,60,4.47%,4.52%,1-Oct-21,31-Dec-21,91
SGTB000937,SZT000669370,30,60,4.48%,4.53%,8-Oct-21,7-Jan-22,91
SGTB000938,SZT000669388,30,60,4.55%,4.60%,15-Oct-21,14-Jan-22,91
SGTB000939,SZT000669396,30,60,4.71%,4.76%,22-Oct-21,21-Jan-22,91
SGTB000940,SZT000669404,30,60,4.70%,4.76%,29-Oct-21,28-Jan-22,91
SGTB000941,SZT000669412,30,60,4.71%,4.76%,5-Nov-21,4-Feb-22,91
SGTB000942,SZT000669420,30,60,4.71%,4.76%,12-Nov-21,11-Feb-22,91
SGTB000943,SZT000669438,30,60,4.70%,4.75%,19-Nov-21,18-Feb-22,91
SGTB000944,SZT000669446,30,60,4.86%,4.92%,26-Nov-21,25-Feb-22,91
SGTB000945,SZT000669453,30,60,4.85%,4.91%,3-Dec-21,4-Mar-22,91
SGTB000946,SZT000669461,30,60,4.84%,4.90%,10-Dec-21,11-Mar-22,91
SGTB000947,SZT000669479,30,60,4.85%,4.91%,17-Dec-21,18-Mar-22,91
SGTB000948,SZT000669487,30,60,4.84%,4.90%,24-Dec-21,25-Mar-22,91
SGTB000949,SZT000669495,30,60,4.82%,4.88%,31-Dec-21,1-Apr-22,91
SGTB000950,SZT000669503,30,60,4.83%,4.89%,7-Jan-22,8-Apr-22,91
SGTB000951,SZT000669511,30,60,4.83%,4.88%,14-Jan-22,14-Apr-22,90
SGTB000952,SZT000669529,30,60,4.83%,4.89%,21-Jan-22,22-Apr-22,91
SGTB000953,SZT000669537,30,52.86,4.86%,4.92%,28-Jan-22,29-Apr-22,91
SGTB000954,SZT000669545,30,5.98,5.06%,5.12%,4-Feb-22,6-May-22,91
SGTB000955,SZT000669552,30,35.11,5.04%,5.10%,11-Feb-22,13-May-22,91
SGTB000956,SZT000669560,30,60,5.09%,5.15%,18-Feb-22,20-May-22,91
SGTB000957,SZT000669578,30,48.21,5.22%,5.29%,25-Feb-22,27-May-22,91
SGTB000958,SZT000669586,30,60,5.27%,5.34%,4-Mar-22,3-Jun-22,91
SGTB000959,SZT000669594,30,24.38,5.22%,5.29%,11-Mar-22,10-Jun-22,91
SGTB000960,SZT000669602,30,25.07,5.32%,5.39%,18-Mar-22,17-Jun-22,91
SGTB000961,SZT000669610,30,60,5.35%,5.42%,25-Mar-22,24-Jun-22,91
SGTB000962,SZT000669628,30,60,5.35%,5.43%,1-Apr-22,1-Jul-22,91
SGTB000963,SZT000669636,30,36,4.21%,4.25%,8-Apr-22,8-Jul-22,91
SGTB000964,SZT000669644,30,60,5.38%,5.45%,14-Apr-22,15-Jul-22,92
SGTB000965,SZT000669651,30,48.51,5.49%,5.57%,22-Apr-22,21-Jul-22,90
SGTB000966,SZT000669669,30,60,5.41%,5.48%,29-Apr-22,29-Jul-22,91
SGTB000967,SZT000669677,30,21.77,5.49%,5.57%,6-May-22,5-Aug-22,91
SGTB000968,SZT000669685,30,60,5.49%,5.57%,13-May-22,12-Aug-22,91
SGTB000969,SZT000669693,30,60,4.96%,5.02%,20-May-22,19-Aug-22,91
SGTB000970,SZT000669701,30,60,5.59%,5.67%,27-May-22,26-Aug-22,91
SGTB000971,SZT000669719,30,60,5.60%,5.68%,3-Jun-22,2-Sep-22,91
SGTB000972,SZT000669727,30,60,5.68%,5.72%,10-Jun-22,9-Sep-22,91
SGTB000973,SZT000669735,30,48.13,5.74%,5.82%,17-Jun-22,16-Sep-22,91
SGTB000974,SZT000669743,30,60,5.90%,5.99%,24-Jun-22,23-Sep-22,91
SGTB000975,SZT000669750,30,60,5.87%,5.96%,1-Jul-22,30-Sep-22,91
SGTB000976,SZT000669768,30,30,5.93%,6.02%,8-Jul-22,7-Oct-22,91
SGTB000977,SZT000669776,30,60,6.29%,6.39%,15-Jul-22,14-Oct-22,91
SGTB000978,SZT000669784,30,10.65,6.55%,6.66%,21-Jul-22,21-Oct-22,92
SGTB000979,SZT000669792,30,59.36,6.91%,7.04%,29-Jul-22,28-Oct-22,91
SGTB000980,SZT000669800,30,60,6.98%,7.11%,5-Aug-22,4-Nov-22,91
SGTB000981,SZT000669818,30,41.03,7.06%,7.18%,12-Aug-22,11-Nov-22,91
SGTB000982,SZT000669826,30,60,7.03%,7.15%,19-Aug-22,18-Nov-22,91
SGTB000983,SZT000669834,30,60,6.95%,7.07%,26-Aug-22,25-Nov-22,91
SGTB000984,SZT000669842,30,60,6.99%,7.11%,2-Sep-22,2-Dec-22,91
SGTB000985,SZT000669859,30,60,6.94%,7.06%,9-Sep-22,9-Dec-22,91
SGTB000986,SZT000669867,30,60,6.88%,7.00%,16-Sep-22,16-Dec-22,91
SGTB000987,SZT000669875,30,60,7.05%,7.17%,23-Sep-22,23-Dec-22,91
SGTB000988,SZT000669883,30,60,7.76%,7.91%,30-Sep-22,30-Dec-22,91
SGTB000989,SZT000669891,30,55.78,7.86%,8.01%,7-Oct-22,6-Jan-23,91
SGTB000990,SZT000669909,30,60,7.79%,7.94%,14-Oct-22,13-Jan-23,91
SGTB000991,SZT000669917,30,60,7.78%,7.94%,21-Oct-22,20-Jan-23,91
SGTB000992,SZT000669925,30,60,7.68%,7.83%,28-Oct-22,27-Jan-23,91
SGTB000993,SZT000669933,30,52.77,7.73%,7.88%,4-Nov-22,3-Feb-23,91
SGTB000994,SZT000669941,30,21.22,7.70%,7.85%,11-Nov-22,10-Feb-23,91
SGTB000995,SZT000669958,30,7.35,7.75%,7.90%,18-Nov-22,17-Feb-23,91
SGTB000996,SZT000669966,30,64.68,7.78%,7.93%,25-Nov-22,24-Feb-23,91
SGTB000997,SZT000669974,30,41.38,7.85%,8.00%,2-Dec-22,3-Mar-23,91
SGTB000998,SZT000669982,30,60,7.75%,7.90%,9-Dec-22,10-Mar-23,91
SGTB000999,SZT000669990,30,60,7.75%,7.90%,16-Dec-22,17-Mar-23,91
SGTB001000,SZT000661005,30,31.98,7.82%,7.98%,23-Dec-22,24-Mar-23,91
SGTB001001,SZT000661013,30,26.46,7.83%,7.98%,30-Dec-22,31-Mar-23,91
SGTB001002,SZT000670022,30,11.75,7.98%,8.14%,6-Jan-23,6-Apr-23,90
SGTB001003,SZT000670030,30,28.26,7.80%,7.95%,13-Jan-23,14-Apr-23,91
SGTB001004,SZT000670048,30,41.54,7.90%,8.06%,20-Jan-23,21-Apr-23,91
SGTB001005,SZT000670055,30,3.06,7.89%,8.05%,27-Jan-23,28-Apr-23,91
SGTB001006,SZT000670063,30,22.72,7.89%,8.05%,3-Feb-23,5-May-23,91
SGTB001007,SZT000670071,30,39.5,7.92%,8.08%,10-Feb-23,12-May-23,91
SGTB001008,SZT000670089,30,8.2,7.92%,8.08%,17-Feb-23,19-May-23,91
SGTB001009,SZT000670097,30,55.68,7.97%,8.11%,24-Feb-23,26-May-23,91
SGTB001010,SZT000670105,30,1.72,8.04%,8.20%,3-Mar-23,2-Jun-23,91
SGTB001011,SZT000670113,30,20.91,8.23%,8.40%,10-Mar-23,9-Jun-23,91
SGTB001012,SZT000670121,30,60,8.31%,8.48%,17-Mar-23,16-Jun-23,91
SGTB001013,SZT000670139,30,12.07,8.32%,8.50%,24-Mar-23,23-Jun-23,91
SGTB001014,SZT000670147,30,11.98,8.32%,8.50%,31-Mar-23,30-Jun-23,91
SGTB001015,SZT000670154,30,49.1,8.54%,8.73%,6-Apr-23,7-Jul-23,92
SGTB001016,SZT000670162,30,3.92,8.54%,8.73%,14-Apr-23,14-Jul-23,91
SGTB001017,SZT000670170,30,13.08,8.56%,8.75%,21-Apr-23,21-Jul-23,91
SGTB001018,SZT000670188,30,4.03,8.56%,8.75%,28-Apr-23,28-Jul-23,91
SGTB001019,SZT000670196,30,2.98,8.56%,8.75%,5-May-23,4-Aug-23,91
SGTB001020,SZT000670204,30,1.38,8.56%,8.75%,12-May-23,11-Aug-23,91
SGTB001021,SZT000670212,30,8.14,8.56%,8.75%,19-May-23,18-Aug-23,91
SGTB001022,SZT000670220,30,23.48,8.56%,8.75%,26-May-23,25-Aug-23,91
SGTB001023,SZT000670238,30,11.65,8.56%,8.75%,2-Jun-23,1-Sep-23,91
SGTB001024,SZT000670246,30,12.21,8.98%,9.18%,9-Jun-23,8-Sep-23,91
SGTB001025,SZT000670253,30,38.43,8.99%,9.20%,16-Jun-23,15-Sep-23,91
SGTB001026,SZT000670261,30,1.76,8.99%,9.20%,23-Jun-23,22-Sep-23,91
SGTB001027,SZT000670279,30,12.67,9.19%,9.40%,30-Jun-23,29-Sep-23,91
SGTB001028,SZT000670287,30,35.11,9.17%,9.39%,7-Jul-23,6-Oct-23,91
SGTB001029,SZT000670295,30,3.37,9.17%,9.38%,14-Jul-23,13-Oct-23,91
SGTB001030,SZT000670303,30,33.79,9.19%,9.40%,21-Jul-23,20-Oct-23,91
SGTB001031,SZT000670311,30,33.89,9.19%,9.40%,28-Jul-23,27-Oct-23,91
SGTB001032,SZT000670329,30,2.58,9.19%,9.40%,4-Aug-23,3-Nov-23,91
SGTB001033,SZT000670337,30,32.12,9.19%,9.40%,11-Aug-23,10-Nov-23,91
SGTB001034,SZT000670345,30,9.27,9.19%,9.40%,18-Aug-23,17-Nov-23,91
SGTB001035,SZT000670352,30,64.08,9.19%,9.40%,25-Aug-23,24-Nov-23,91
SGTB001036,SZT000670360,30,41.39,9.10%,9.31%,1-Sep-23,1-Dec-23,91
SGTB001037,SZT000670378,30,41.03,9.17%,9.38%,8-Sep-23,8-Dec-23,91
SGTB001038,SZT000670386,30,43.25,9.14%,9.35%,15-Sep-23,15-Dec-23,91
SGTB001039,SZT000670394,30,12.14,9.17%,9.38%,22-Sep-23,22-Dec-23,91
SGTB001040,SZT000670402,30,47.27,9.15%,9.36%,2-Oct-23,29-Dec-23,88
SGTB001041,SZT000670410,30,40.2,9.08%,9.29%,6-Oct-23,5-Jan-24,91
SGTB001042,SZT000670428,30,32.83,8.96%,9.16%,13-Oct-23,12-Jan-24,91
SGTB001043,SZT000670436,30,53.21,9.01%,9.22%,20-Oct-23,19-Jan-24,91
SGTB001044,SZT000670444,30,14.55,9.05%,9.26%,27-Oct-23,26-Jan-24,91
SGTB001045,SZT000670451,30,22.61,8.99%,9.20%,3-Nov-23,2-Feb-24,91
SGTB001046,SZT000670469,30,6.76,9.08%,9.29%,10-Nov-23,9-Feb-24,91
SGTB001047,SZT000670477,30,59.37,9.04%,9.24%,17-Nov-23,16-Feb-24,91
SGTB001048,SZT000670485,30,4.09,9.04%,9.24%,24-Nov-23,23-Feb-24,91
SGTB001049,SZT000670493,30,41.41,9.04%,9.25%,1-Dec-23,1-Mar-24,91
SGTB001050,SZT000670501,30,SZL 6.03 Mil,9.04%,9.25%,8-Dec-23,8-Mar-24,91
SGTB001051,SZT000670519,30,28.34,9.05%,9.26%,15-Dec-23,15-Mar-24,91
SGTB001052,SZT000670527,30,12.09,9.04%,9.25%,22-Dec-23,22-Mar-24,91
SGTB001053,SZT000670535,30,11.98,9.00%,9.20%,29-Dec-23,28-Mar-24,90
SGTB001054,SZT000670543,30,5.24,8.99%,9.20%,5-Jan-24,5-Apr-24,91
SGTB001055,SZT000670550,30,10.12,8.99%,9.20%,12-Jan-24,12-Apr-24,91
SGTB001056,SZT000670568,30,41.57,9.02%,9.23%,19-Jan-24,18-Apr-24,90
SGTB001057,SZT000670576,30,53.42,8.96%,9.17%,26-Jan-24,26-Apr-24,91
SGTB001058,SZT000670584,30,4.7,8.96%,9.17%,2-Feb-24,3-May-24,91
SGTB001059,SZT000670592,30,2.74,8.96%,9.17%,9-Feb-24,10-May-24,91
SGTB001060,SZT000670600,30,42.36,8.99%,9.19%,16-Feb-24,17-May-24,91
SGTB001061,SZT000670618,30,38.63,9.02%,9.22%,23-Feb-24,24-May-24,91
SGTB001062,SZT000670626,30,46.51,9.00%,9.21%,1-Mar-24,31-May-24,91
SGTB001063,SZT000670634,30,20.98,8.99%,9.20%,8-Mar-24,7-Jun-24,91
SGTB001064,SZT000670642,30,17.97,9.00%,9.21%,15-Mar-24,14-Jun-24,91
SGTB001065,SZT000670659,30,11.72,9.00%,9.20%,22-Mar-24,21-Jun-24,91
SGTB001066,SZT000670667,30,7.43,9.00%,9.20%,28-Mar-24,28-Jun-24,92
SGTB001067,SZT000670675,30,5.01,9.00%,9.20%,5-Apr-24,5-Jul-24,91
SGTB001068,SZT000670683,30,60,9.00%,9.21%,12-Apr-24,12-Jul-24,91
SGTB001069,SZT000670691,30,70.49,9.02%,9.23%,18-Apr-24,19-Jul-24,92
SGTB001070,SZT000670709,30,41.07,9.04%,9.24%,26-Apr-24,26-Jul-24,91
SGTB001071,SZT000670717,30,2.8,9.04%,9.24%,3-May-24,2-Aug-24,91
SGTB001072,SZT000670722,30,2.51,9.04%,9.24%,10-May-24,9-Aug-24,91
SGTB001073,SZT000670733,30,2.66,9.04%,9.24%,17-May-24,16-Aug-24,91
SGTB001074,SZT000670741,30,3.58,9.04%,9.24%,24-May-24,23-Aug-24,91
SGTB001075,SZT000670758,30,36.55,9.04%,9.25%,31-May-24,30-Aug-24,91
SGTB001076,SZT000670766,30,25.76,8.81%,9.01%,7-Jun-24,5-Sep-24,90
SGTB001077,SZT000670774,30,44.1,8.99%,9.20%,14-Jun-24,13-Sep-24,91
SGTB001078,SZT000670782,30,37.29,8.96%,9.16%,21-Jun-24,20-Sep-24,91
SGTB001079,SZT000670790,30,SZL 5.640 Mil,8.96%,9.16%,28-Jun-24,27-Sep-24,91
SGTB001080,SZT000670808,SZL 30.00 Mil,4.9,8.96%,9.16%,5-Jul-24,4-Oct-24,91
SGTB001081,SZT000670817,SZL 30.00 Mil,4.63,8.96%,9.16%,12-Jul-24,11-Oct-24,91
SGTB001082,SZT000670824,SZL 30.00 Mil,4.08,8.96%,9.16%,19-Jul-24,18-Oct-24,91
SGTB001083,SZT000670832,SZL 30.00 Mil,20.3,8.96%,9.16%,26-Jul-24,25-Oct-24,91
SGTB001084,SZT000670840,SZL 30.00 Mil,2.6,8.96%,9.16%,2-Aug-24,1-Nov-24,91
SGTB001085,SZT000670857,SZL 30.00 Mil,46.93,8.95%,9.16%,9-Aug-24,8-Nov-24,91
SGTB001086,SZT000670865,SZL 30.00 Mil,3.16,8.95%,9.16%,16-Aug-24,15-Nov-24,91
SGTB001087,SZT000670873,SZL 30.00 Mil,37.64,8.95%,9.15%,23-Aug-24,22-Nov-24,91
SGTB001088,SZT000670881,SZL 30.00 Mil,16.09,8.97%,9.18%,30-Aug-24,29-Nov-24,91
SGTB001089,SZT000670899,SZL 30.00 Mil,6.6,8.97%,9.18%,5-Sep-24,6-Dec-24,92
SGTB001090,SZT000670907,SZL 30.00 Mil,8.75,8.97%,9.18%,13-Sep-24,13-Dec-24,91
SGTB001091,SZT000670915,SZL 30.00 Mil,52.26,8.95%,9.16%,20-Sep-24,20-Dec-24,91
SGTB001092,SZT000670923,SZL 30.00 Mil,1.95,8.95%,9.16%,27-Sep-24,27-Dec-24,91
SGTB001093,SZT000670931,SZL 30.00 Mil,1.95,8.95%,9.16%,4-Oct-24,3-Jan-25,91
SGTB001094,SZT000670949,SZL 30.00 Mil,60,8.93%,9.13%,11-Oct-24,10-Jan-25,91
SGTB001095,SZT000670956,SZL 30.00 Mil,46,8.93%,9.13%,18-Oct-24,17-Jan-25,91
SGTB001096,SZT000670964,SZL 30.00 Mil,8.2,8.93%,9.13%,25-Oct-24,24-Jan-25,91
SGTB001097,SZT000670972,SZL 30.00 Mil,12.32,9.01%,9.22%,1-Nov-24,31-Jan-25,91
SGTB001098,SZT000670980,SZL 30.00 Mil,2.34,9.01%,9.22%,8-Nov-24,7-Feb-25,91
SGTB001099,SZT000670998,SZL 30.00 Mil,5.01,9.01%,9.22%,15-Nov-24,14-Feb-25,91
SGTB001100,SZT000671004,SZL 30.00 Mil,4.45,9.01%,9.22%,22-Nov-24,21-Feb-25,91
SGTB001101,SZT000671012,SZL 30.00 Mil,2.43,8.88%,9.08%,29-Nov-24,28-Feb-25,91
SGTB001102,SZT000671020,SZL 30.00 Mil,6.77,8.86%,9.06%,6-Dec-24,7-Mar-25,91
SGTB001103,SZT000671038,SZL 30.00 Mil,19.47,8.88%,9.08%,13-Dec-24,14-Mar-25,91
SGTB001104,SZT000671046,SZL 30.00 Mil,28.94,8.87%,9.07%,20-Dec-24,21-Mar-25,91
SGTB001105,SZT000671053,SZL 30.00 Mil,3.88,8.87%,9.07%,27-Dec-24,28-Mar-25,91
SGTB001106,SZT000671061,SZL 30.00 Mil,6.06,8.78%,8.98%,3-Jan-25,4-Apr-25,91
SGTB001107,SZT000671079,SZL 30.00 Mil,29.96,8.89%,9.09%,10-Jan-25,11-Apr-25,91
SGTB001108,SZT000671087,SZL 30.00 Mil, SZL 15.69 Mil,8.87%,9.07%,17-Jan-25,17-Apr-25,90
SGTB001109,SZT000671095,SZL 30.00 Mil, SZL 23.9 Mil,8.89%,9.09%,24-Jan-25,24-Apr-25,90
SGTB001110,SZT000671103,SZL 30.00 Mil, SZL 32.5 Mil,8.88%,9.08%,31-Jan-25,2-May-25,91
SGTB001111,SZT000671111,SZL 30.00 Mil,22.87,8.93%,9.13%,7-Feb-25,9-May-25,91
SGTB001112,SZT000671129,SZL 30.00 Mil, SZL 2.53 Mil,8.93%,9.13%,14-Feb-25,16-May-25,91
SGTB001113,SZT000671137,SZL 30.00 Mil,6.35,8.93%,9.13%,21-Feb-25,23-May-25,91
SGTB001114,SZT000671145,SZL 30.00 Mil,57.83,8.93%,9.13%,28-Feb-25,30-May-25,91
SGTB001115,SZT000671152,SZL 30.00 Mil,2.38,8.93%,9.13%,7-Mar-25,6-Jun-25,91
SGTB001116,SZT000671160,SZL 30.00 Mil,22.27,8.95%,9.15%,14-Mar-25,13-Jun-25,91
SGTB001117,SZT000671178,SZL 30.00 Mil,50.35,8.93%,9.14%,21-Mar-25,20-Jun-25,91
SGTB001118,SZT000671186,SZL 30.00 Mil,31.54,8.95%,9.15%,28-Mar-25,27-Jun-25,91
SGTB001119,SZT000671194,SZL 30.00 Mil,21.32,8.90%,9.10%,4-Apr-25,4-Jul-25,91
SGTB001120,SZT000671202,SZL 30.00 Mil,34.73,8.95%,9.15%,11-Apr-25,11-Jul-25,91
SGTB001121,SZT000671210,SZL 30.00 Mil,14.82,9.00%,9.20%,17-Apr-25,18-Jul-25,92
SGTB001122,SZT000671228,SZL 30.00 Mil,7.67,8.94%,9.15%,24-Apr-25,25-Jul-25,92
SGTB001123,SZT000671236,SZL 30.00 Mil,4.36,8.95%,9.15%,2-May-25,1-Aug-25,91
SGTB001124,SZT000671244,SZL 30.00 Mil,32.37,8.95%,9.15%,9-May-25,8-Aug-25,91
SGTB001125,SZT000671251,SZL 30.00 Mil,33.18,8.98%,9.19%,16-May-25,15-Aug-25,91
SGTB001126,SZT000671269,SZL 30.00 Mil,23.44,8.96%,9.16%,23-May-25,22-Aug-25,91
SGTB001127,SZT000671277,SZL 30.00 Mil,46.01,9.00%,9.20%,30-May-25,29-Aug-25,91
SGTB001128,SZT000671285,SZL 30.00 Mil,3.33,9.00%,9.20%,6-Jun-25,5-Sep-25,91
SZG1820270,SZGT18202701,40,40,7.84%,8.16%,4-Jan-18,6-Jul-18,183
SZG1820271,SZGT18202719,40,40,7.83%,8.15%,19-Jan-18,20-Jul-18,182
SZG1820272,SZGT18202727,40,40,7.81%,8.12%,2-Feb-18,3-Aug-18,182
SZG1820273,SZGT18202735,40,39.37,7.84%,8.15%,16-Feb-18,17-Aug-18,182
SZG1820274,SZGT18202743,40,40,7.79%,8.11%,2-Mar-18,31-Aug-18,182
SZG1820275,SZGT18202750,40,40,7.79%,8.10%,16-Mar-18,14-Sep-18,182
SZG1820276,SZGT18202768,40,40,7.77%,8.09%,29-Mar-18,28-Sep-18,183
SZG1820277,SZGT18202776,40,35.4,7.82%,8.14%,13-Apr-18,12-Oct-18,182
SZG1820278,SZGT18202784,40,40,7.76%,8.08%,27-Apr-18,26-Oct-18,182
SZG1820279,SZGT18202792,40,40,7.75%,8.06%,11-May-18,9-Nov-18,182
SZG1820280,SZGT18202800,40,40,7.75%,8.06%,25-May-18,23-Nov-18,182
SZG1820281,SZGT18202818,40,40,7.71%,8.02%,8-Jun-18,7-Dec-18,182
SZG1820282,SZGT18202826,40,40,7.69%,7.99%,22-Jun-18,21-Dec-18,182
SZG1820283,SZGT18202834,40,36.34,7.71%,8.02%,6-Jul-18,4-Jan-19,182
SZG1820284,SZGT18202842,40,40,7.71%,8.02%,20-Jul-18,18-Jan-19,182
SZG1820285,SZGT18202859,40,40,7.71%,8.02%,3-Aug-18,1-Feb-19,182
SZG1820286,SZGT18202867,40,40,7.60%,7.90%,17-Aug-18,15-Feb-19,182
SZG1820287,SZGT18202875,40,52.19,7.56%,7.86%,31-Aug-18,1-Mar-19,182
SZG1820288,SZGT18202883,40,60,7.55%,7.85%,14-Sep-18,15-Mar-19,182
SZG1820289,SZGT18202891,40,15.03,7.86%,8.18%,28-Sep-18,29-Mar-19,182
SZG1820290,SZGT18202909,40,48.16,7.77%,8.09%,12-Oct-18,12-Apr-19,182
SZG1820291,SZGT18202917,40,60,7.81%,8.13%,26-Oct-18,26-Apr-19,182
SZG1820292,SZGT18202925,40,60,7.86%,8.18%,9-Nov-18,10-May-19,182
SZG1820293,SZGT18202933,40,10.71,7.89%,8.22%,23-Nov-18,24-May-19,182
SZG1820294,SZGT18202941,40,51.38,7.89%,8.22%,7-Dec-18,7-Jun-19,182
SZG1820295,SZGT18202958,40,52.4,7.96%,8.28%,21-Dec-18,21-Jun-19,182
SZG1820296,SZGT18202966,40,31.62,7.95%,8.28%,4-Jan-19,5-Jul-19,182
SZG1820297,SZGT18202974,40,60,7.82%,8.14%,18-Jan-19,19-Jul-19,182
SZG1820298,SZGT18202982,40,60,7.59%,7.89%,1-Feb-19,2-Aug-19,182
SZG1820299,SZGT18202990,40,22.37,7.64%,7.94%,15-Feb-19,16-Aug-19,182
SZG1820300,SZGT18203006,40,60,7.69%,8.00%,1-Mar-19,30-Aug-19,182
SZG1820301,SZGT18203014,40,45.9,7.76%,8.08%,15-Mar-19,13-Sep-19,182
SZG1820302,SZGT18203022,40,60,7.79%,8.10%,29-Mar-19,27-Sep-19,182
SZG1820303,SZGT18203030,40,60,7.79%,8.11%,12-Apr-19,11-Oct-19,182
SZG1820304,SZGT18203048,40,46.6,7.82%,8.13%,29-Apr-19,25-Oct-19,179
SZG1820305,SZGT18203055,40,60,7.84%,8.15%,10-May-19,8-Nov-19,182
SZG1820306,SZGT18203063,40,27.91,7.83%,8.15%,24-May-19,22-Nov-19,182
SZG1820307,SZGT18203071,40,29.21,7.79%,8.10%,7-Jun-19,6-Dec-19,182
SZG1820308,SZGT18203089,40,60,7.82%,8.13%,21-Jun-19,20-Dec-19,182
SZG1820309,SZGT18203097,40,0,0.00%,0.00%,5-Jul-19,3-Jan-20,182
SZG1820310,SZGT18203105,40,48.27,7.73%,8.04%,19-Jul-19,17-Jan-20,182
SZG1820311,SZGT18203113,40,60,7.77%,8.08%,2-Aug-19,31-Jan-20,182
SZG1820312,SZGT18203121,40,55.88,7.79%,8.10%,16-Aug-19,14-Feb-20,182
SZG1820313,SZGT18203139,40,60,7.78%,8.10%,30-Aug-19,28-Feb-20,182
SZG1820314,SZGT18203147,40,10.63,7.80%,8.11%,13-Sep-19,13-Mar-20,182
SZG1820315,SZGT18203154,40,60,7.81%,8.10%,27-Sep-19,27-Mar-20,182
SZG1820316,SZGT18203162,40,11.38,7.86%,8.18%,11-Oct-19,9-Apr-20,181
SZG1820317,SZGT18203170,40,60,7.79%,8.10%,25-Oct-19,24-Apr-20,182
SZG1820318,SZGT18203188,40,60,7.79%,8.10%,8-Nov-19,8-May-20,182
SZG1820319,SZGT18203196,50,48.96,7.76%,8.08%,22-Nov-19,22-May-20,182
SZG1820320,SZGT18203204,50,71.82,7.71%,8.01%,6-Dec-19,5-Jun-20,182
SZG1820321,SZGT18203212,50,50,7.75%,8.06%,20-Dec-19,19-Jun-20,182
SZG1820322,SZGT18203220,50,34,7.76%,8.08%,3-Jan-20,3-Jul-20,182
SZG1820323,SZGT18203238,50,75,7.75%,8.06%,17-Jan-20,17-Jul-20,182
SZG1820324,SZGT18203246,50,75,7.79%,8.11%,31-Jan-20,31-Jul-20,182
SZG1820325,SZGT18203253,50,75,7.84%,8.16%,14-Feb-20,14-Aug-20,182
SZG1820326,SZGT18203261,50,75,7.85%,8.17%,28-Feb-20,28-Aug-20,182
SZG1820327,SZGT18203279,50,42.72,7.79%,8.11%,13-Mar-20,11-Sep-20,182
SZG1820328,SZGT18203287,50,75,7.24%,7.52%,27-Mar-20,25-Sep-20,182
SZG1820329,SZGT18203295,50,50.66,7.27%,7.55%,9-Apr-20,9-Oct-20,183
SZG1820330,SZGT18203303,50,51.63,7.28%,7.56%,24-Apr-20,23-Oct-20,182
SZG1820331,SZGT18203311,50,40.62,5.99%,6.18%,8-May-20,6-Nov-20,182
SZG1820332,SZGT18203329,50,75,5.99%,6.17%,22-May-20,20-Nov-20,182
SZG1820333,SZGT18203337,50,27.85,5.55%,5.71%,5-Jun-20,4-Dec-20,182
SZG1820334,SZGT18203345,50,75,5.48%,5.63%,19-Jun-20,18-Dec-20,182
SZG1820335,SZGT18203352,50,30.94,5.46%,5.62%,3-Jul-20,31-Dec-20,181
SZG1820336,SZGT18203360,50,63.86,5.43%,5.58%,17-Jul-20,15-Jan-21,182
SZG1820337,SZGT18203378,50,72.38,5.43%,5.58%,31-Jul-20,29-Jan-21,182
SZG1820338,SZGT18203386,50,75,5.31%,5.46%,14-Aug-20,12-Feb-21,182
SZG1820339,SZGT18203394,50,75,5.23%,5.37%,28-Aug-20,26-Feb-21,182
SZG1820340,SZGT18203402,50,75,5.19%,5.33%,11-Sep-20,12-Mar-21,182
SZG1820341,SZGT18203410,50,38.11,5.16%,5.30%,25-Sep-20,26-Mar-21,182
SZG1820342,SZGT18203428,50,100,5.06%,5.19%,9-Oct-20,9-Apr-21,182
SZG1820343,SZGT18203436,50,41.3,5.04%,5.17%,23-Oct-20,23-Apr-21,182
SZG1820344,SZGT18203444,50,100,5.01%,5.14%,6-Nov-20,7-May-21,182
SZG1820345,SZGT18203451,50,65.09,5.00%,5.13%,20-Nov-20,21-May-21,182
SZG1820346,SZGT18203469,50,56.86,5.02%,5.15%,4-Dec-20,4-Jun-21,182
SZG1820347,SZGT18203477,50,100,5.02%,5.15%,18-Dec-20,18-Jun-21,182
SZG1820348,SZGT18203485,50,100,4.96%,5.08%,31-Dec-20,2-Jul-21,183
SZG1820349,SZGT18203493,50,100,4.91%,5.03%,15-Jan-21,16-Jul-21,182
SZG1820350,SZGT18203501,50,100,4.93%,5.06%,29-Jan-21,30-Jul-21,182
SZG1820351,SZGT18203519,50,100,4.92%,5.04%,12-Feb-21,13-Aug-21,182
SZG1820352,SZGT18203527,50,100,4.89%,5.01%,26-Feb-21,27-Aug-21,182
SZG1820353,SZGT18203535,50,100,4.91%,5.02%,12-Mar-21,10-Sep-21,182
SZG1820354,SZGT18203543,50,100,4.87%,4.99%,26-Mar-21,24-Sep-21,182
SZG1820355,SZGT18203550,50,90.7,4.88%,5.00%,9-Apr-21,8-Oct-21,182
SZG1820356,SZGT18203568,50,100,4.83%,4.95%,23-Apr-21,22-Oct-21,182
SZG1820357,SZGT18203576,50,60.68,4.88%,5.00%,7-May-21,5-Nov-21,182
SZG1820358,SZGT18203584,50,55.18,4.88%,5.00%,21-May-21,19-Nov-21,182
SZG1820359,SZGT18203592,50,61.15,4.91%,5.04%,4-Jun-21,3-Dec-21,182
SZG1820360,SZGT18203600,50,100,4.93%,5.05%,18-Jun-21,17-Dec-21,182
SZG1820361,SZGT18203618,50,29.74,4.93%,5.05%,2-Jul-21,31-Dec-21,182
SZG1820362,SZGT18203626,50,100,5.02%,5.15%,16-Jul-21,14-Jan-22,182
SZG1820363,SZGT18203634,50,100,5.14%,5.27%,30-Jul-21,28-Jan-22,182
SZG1820364,SZGT18203642,50,100,5.15%,5.28%,13-Aug-21,11-Feb-22,182
SZG1820365,SZGT18203659,50,100,5.17%,5.31%,27-Aug-21,25-Feb-22,182
SZG1820366,SZGT18203667,50,100,5.17%,5.30%,10-Sep-21,11-Mar-22,182
SZG1820367,SZGT18203675,50,100,5.11%,5.25%,24-Sep-21,25-Mar-22,182
SZG1820368,SZGT18203683,50,100,5.16%,5.29%,8-Oct-21,8-Apr-22,182
SZG1820369,SZGT18203691,50,100,5.26%,5.41%,22-Oct-21,22-Apr-22,182
SZG1820370,SZGT18203709,50,85.53,5.29%,5.43%,5-Nov-21,6-May-22,182
SZG1820371,SZGT18203717,50,78.11,5.29%,5.43%,19-Nov-21,20-May-22,182
SZG1820372,SZGT18203725,50,100,5.32%,5.47%,3-Dec-21,3-Jun-22,182
SZG1820373,SZGT18203733,50,91.44,5.34%,5.48%,17-Dec-21,17-Jun-22,182
SZG1820374,SZGT18203741,50,60.22,5.36%,5.50%,31-Dec-21,1-Jul-22,182
SZG1820375,SZGT18203758,50,100,5.39%,5.54%,14-Jan-22,15-Jul-22,182
SZG1820376,SZGT18203766,50,81.53,5.47%,5.62%,28-Jan-22,29-Jul-22,182
SZG1820377,SZGT18203774,50,100,5.53%,5.68%,11-Feb-22,12-Aug-22,182
SZG1820378,SZGT18203782,50,80.06,5.72%,5.89%,25-Feb-22,26-Aug-22,182
SZG1820379,SZGT18203790,50,61.69,5.84%,6.01%,11-Mar-22,9-Sep-22,182
SZG1820380,SZGT18203808,50,47.12,6.12%,6.32%,25-Mar-22,23-Sep-22,182
SZG1820381,SZGT18203816,50,100,6.22%,6.42%,8-Apr-22,7-Oct-22,182
SZG1820382,SZGT18203824,50,99.31,6.39%,6.60%,22-Apr-22,21-Oct-22,182
SZG1820383,SZGT18203832,50,25.7,6.39%,6.60%,6-May-22,4-Nov-22,182
SZG1820384,SZGT18203840,50,75.17,6.49%,6.71%,20-May-22,18-Nov-22,182
SZG1820385,SZGT18203857,50,100,6.78%,7.02%,3-Jun-22,2-Dec-22,182
SZG1820386,SZGT18203865,50,92.22,6.85%,7.09%,17-Jun-22,16-Dec-22,182
SZG1820387,SZGT18203873,50,80.51,7.22%,7.49%,1-Jul-22,30-Dec-22,182
SZG1820388,SZGT18203881,50,50.43,7.28%,7.55%,15-Jul-22,13-Jan-23,182
SZG1820389,SZGT18203899,50,17.87,7.49%,7.78%,29-Jul-22,27-Jan-23,182
SZG1820390,SZGT18203907,50,118.97,7.65%,7.96%,12-Aug-22,10-Feb-23,182
SZG1820391,SZGT18203915,50,100,7.66%,7.97%,26-Aug-22,24-Feb-23,182
SZG1820392,SZGT18203923,50,100,7.69%,8.00%,9-Sep-22,10-Mar-23,182
SZG1820393,SZGT18203931,50,100,7.73%,8.04%,23-Sep-22,24-Mar-23,182
SZG1820394,SZGT18203949,50,97.17,8.51%,8.89%,7-Oct-22,7-Apr-23,182
SZG1820395,SZGT18203956,50,5.87,8.55%,8.93%,21-Oct-22,21-Apr-23,182
SZG1820396,SZGT18203964,50,93.35,8.59%,8.97%,4-Nov-22,5-May-23,182
SZG1820397,SZGT18203972,50,30.75,8.64%,9.03%,18-Nov-22,19-May-23,182
SZG1820398,SZGT18203980,50,118.62,8.69%,9.08%,2-Dec-22,2-Jun-23,182
SZG1820399,SZGT18203998,50,91.45,8.74%,9.14%,16-Dec-22,16-Jun-23,182
SZG1820400,SZGT18204004,50,100,8.79%,9.19%,30-Dec-22,30-Jun-23,182
SZG1820402,SZGT18204020,50,44.76,8.68%,9.07%,27-Jan-23,28-Jul-23,182
SZG1820403,SZGT18204038,50,53.37,8.76%,9.17%,10-Feb-23,11-Aug-23,182
SZG1820404,SZGT18204046,50,86.1,8.82%,9.22%,24-Feb-23,25-Aug-23,182
SZG1820405,SZGT18204053,50,56.18,8.98%,9.40%,10-Mar-23,8-Sep-23,182
SZG1820406,SZGT18204061,50,55.81,9.06%,9.49%,24-Mar-23,22-Sep-23,182
SZG1820407,SZGT18204079,50,16.56,9.16%,9.60%,6-Apr-23,6-Oct-23,183
SZG1820408,SZGT18204087,50,100,9.16%,9.60%,21-Apr-23,20-Oct-23,182
SZG1820409,SZGT18204095,50,1.66,9.16%,9.60%,5-May-23,3-Nov-23,182
SZG1820410,SZGT18204103,50,31.96,9.16%,9.60%,19-May-23,17-Nov-23,182
SZG1820411,SZGT18204111,50,85.32,9.33%,9.78%,2-Jun-23,1-Dec-23,182
SZG1820412,SZGT18204129,50,100,9.41%,9.87%,16-Jun-23,15-Dec-23,182
SZG1820413,SZGT18204137,50,0.48,9.41%,9.87%,30-Jun-23,29-Dec-23,182
SZG1820414,SZGT18204145,50,54.91,9.43%,9.90%,14-Jul-23,12-Jan-24,182
SZG1820415,SZGT18204152,50,4.39,9.43%,9.90%,28-Jul-23,26-Jan-24,182
SZG1820416,SZGT18204160,50,58.12,9.43%,9.90%,11-Aug-23,9-Feb-24,182
SZG1820417,SZGT18204178,50,11.06,9.48%,9.95%,25-Aug-23,23-Feb-24,182
SZG1820418,SZGT18204186,50,94.57,9.40%,9.87%,8-Sep-23,8-Mar-24,182
SZG1820419,SZGT18204194,50,1.11,9.40%,9.87%,22-Sep-23,22-Mar-24,182
SZG1820420,SZGT18204202,50,50.98,9.34%,9.80%,6-Oct-23,5-Apr-24,182
SZG1820421,SZGT18204210,50,81.72,9.26%,9.70%,20-Oct-23,18-Apr-24,181
SZG1820422,SZGT18204228,50,32.67,9.25%,9.70%,3-Nov-23,3-May-24,182
SZG1820423,SZGT18204236,50,37.21,9.25%,9.70%,17-Nov-23,17-May-24,182
SZG1820424,SZGT18204244,50,118,9.25%,9.69%,1-Dec-23,31-May-24,182
SZG1820425,SZGT18204251,50,31.42,9.26%,9.71%,15-Dec-23,14-Jun-24,182
SZG1820426,SZGT18204269,50,30.45,9.21%,9.65%,29-Dec-23,28-Jun-24,182
SZG1820427,SZGT18204277,50,0.82,9.21%,9.65%,12-Jan-24,12-Jul-24,182
SZG1820428,SZGT18204285,50,29.42,9.21%,9.65%,26-Jan-24,26-Jul-24,182
SZG1820429,SZGT18204293,50,105.82,9.21%,9.66%,9-Feb-24,9-Aug-24,182
SZG1820430,SZGT18204301,50,61.85,9.16%,9.60%,23-Feb-24,23-Aug-24,182
SZG1820431,SZGT18204319,50,16.45,9.16%,9.60%,8-Mar-24,5-Sep-24,181
SZG1820432,SZGT18204327,50,91.34,9.15%,9.58%,22-Mar-24,20-Sep-24,182
SZG1820433,SZGT18204335,50,1.04,9.15%,9.58%,5-Apr-24,4-Oct-24,182
SZG1820434,SZGT18204343,50,48.47,9.17%,9.61%,18-Apr-24,18-Oct-24,183
SZG1820435,SZGT18204350,50,2.51,9.17%,9.61%,3-May-24,1-Nov-24,182
SZG1820436,SZGT18204368,50,34.45,9.23%,9.67%,17-May-24,15-Nov-24,182
SZG1820437,SZGT18204376,50,1.3,9.23%,9.67%,31-May-24,29-Nov-24,182
SZG1820438,SZGT18204384,50,28.37,9.25%,9.70%,14-Jun-24,13-Dec-24,182
SZG1820439,SZGT18204392,50,1.01,9.25%,9.70%,28-Jun-24,27-Dec-24,182
SZG1820440,SZGT18204400,50,55.68,9.25%,9.70%,12-Jul-24,10-Jan-25,182
SZG1820441,SZGT18204418,50,39.95,9.26%,9.71%,26-Jul-24,24-Jan-25,182
SZG1820442,SZGT18204426,50,94.06,9.26%,9.71%,9-Aug-24,7-Feb-25,182
SZG1820443,SZGT18204434,50,31.37,9.25%,9.70%,23-Aug-24,21-Feb-25,182
SZG1820444,SZGT18204442,50,65.87,9.23%,9.68%,5-Sep-24,7-Mar-25,183
SZG1820445,SZGT18204459,50,67.02,9.24%,9.68%,20-Sep-24,21-Mar-25,182
SZG1820446,SZGT18204467,50,50.82,9.23%,9.68%,4-Oct-24,4-Apr-25,182
SZG1820447,SZGT18204475,50,34.28,9.21%,9.65%,18-Oct-24,17-Apr-25,181
SZG1820448,SZGT18204483,50,12.09,9.28%,9.73%,1-Nov-24,2-May-25,182
SZG1820449,SZGT18204491,50,13.72,9.29%,9.75%,15-Nov-24,16-May-25,182
SZG1820450,SZGT18204509,50,1.44,9.24%,9.69%,29-Nov-24,30-May-25,182
SZG1820451,SZGT18204517,50,13.91,9.24%,9.69%,13-Dec-24,13-Jun-25,182
SZG1820452,SZGT18204525,50,4.24,9.24%,9.69%,27-Dec-24,27-Jun-25,182
SZG1820453,SZGT18204533,50,33.69,9.21%,9.65%,10-Jan-25,11-Jul-25,182
SZG1820454,SZGT18204541,50,34.23,9.25%,9.69%,24-Jan-25,25-Jul-25,182
SZG1820455,SZGT18204558,50,61.69,9.25%,9.95%,7-Feb-25,8-Aug-25,182
SZG1820456,SZGT18204566,50,2.05,9.25%,9.70%,21-Feb-25,22-Aug-25,182
SZG1820457,SZGT18204574,50,23.87,9.24%,9.69%,7-Mar-25,5-Sep-25,182
SZG1820458,SZGT18204582,50,0.51,9.24%,9.69%,21-Mar-25,19-Sep-25,182
SZG1820459,SZGT18204590,50,11.52,9.24%,9.68%,4-Apr-25,3-Oct-25,182
SZG1820460,SZGT18204608,50,8.32,9.23%,9.68%,17-Apr-25,17-Oct-25,183
SZG1820461,SZGT18204616,50,3.34,9.24%,9.68%,2-May-25,31-Oct-25,182
SZG1820462,SZGT18204624,50,44.68,9.25%,9.69%,16-May-25,14-Nov-25,182
SZG1820463,SZGT18204632,50,41.2,9.23%,9.68%,30-May-25,28-Nov-25,182
SZG2730248,SZGT27302484,40,40,7.73%,8.20%,18-May-18,15-Feb-19,273
SZG2730249,SZGT27302492,40,40,7.67%,8.14%,1-Jun-18,1-Mar-19,273
SZG2730250,SZGT27302500,40,40,7.65%,8.11%,15-Jun-18,15-Mar-19,273
SZG2730251,SZGT27302518,40,40,7.64%,8.10%,29-Jun-18,29-Mar-19,273
SZG2730252,SZGT27302526,40,40,7.65%,8.20%,13-Jul-18,12-Apr-19,273
SZG2730253,SZGT27302534,40,40,7.72%,8.19%,27-Jul-18,26-Apr-19,273
SZG2730254,SZGT27302542,40,40,7.56%,8.02%,10-Aug-18,10-May-19,273
SZG2730255,SZGT27302559,40,40,7.51%,7.96%,24-Aug-18,24-May-19,273
SZG2730256,SZGT27302567,40,50,7.58%,8.03%,7-Sep-18,7-Jun-19,273
SZG2730257,SZGT27302575,40,29.23,7.55%,8.00%,24-Sep-18,21-Jun-19,270
SZG2730258,SZGT27302583,40,31.09,7.70%,8.17%,5-Oct-18,5-Jul-19,273
SZG2730259,SZGT27302591,40,46.6,7.72%,8.19%,19-Oct-18,19-Jul-19,273
SZG2730260,SZGT27302609,40,16.55,7.79%,8.28%,2-Nov-18,2-Aug-19,273
SZG2730261,SZGT27302617,40,35.5,7.87%,8.37%,16-Nov-18,16-Aug-19,273
SZG2730262,SZGT27302625,40,28.22,7.95%,8.45%,30-Nov-18,30-Aug-19,273
SZG2730263,SZGT27302633,40,16.42,8.03%,8.54%,14-Dec-18,13-Sep-19,273
SZG2730264,SZGT27302641,40,44.5,8.08%,8.60%,28-Dec-18,27-Sep-19,273
SZG2730265,SZGT27302658,40,60,8.05%,8.57%,11-Jan-19,11-Oct-19,273
SZG2730266,SZGT27302666,40,21.87,8.08%,8.60%,25-Jan-19,25-Oct-19,273
SZG2730267,SZGT27302674,40,60,8.06%,8.57%,8-Feb-19,8-Nov-19,273
SZG2730268,SZGT27302682,40,56.16,8.11%,8.63%,22-Feb-19,22-Nov-19,273
SZG2730269,SZGT27302690,40,47.16,8.17%,8.70%,8-Mar-19,6-Dec-19,273
SZG2730270,SZGT27302708,40,32.03,8.22%,8.76%,22-Mar-19,20-Dec-19,273
SZG2730271,SZGT27302716,40,60,8.22%,8.76%,5-Apr-19,3-Jan-20,273
SZG2730272,SZGT27302724,40,0,0.00%,0.00%,18-Apr-19,17-Jan-20,274
SZG2730273,SZGT27302732,40,43.73,8.27%,8.82%,3-May-19,31-Jan-20,273
SZG2730274,SZGT27302740,40,60,8.24%,8.78%,17-May-19,14-Feb-20,273
SZG2730275,SZGT27302757,40,60,8.24%,8.78%,31-May-19,28-Feb-20,273
SZG2730276,SZGT27302765,40,60,8.20%,8.74%,14-Jun-19,13-Mar-20,273
SZG2730277,SZGT27302773,40,60,8.20%,8.73%,28-Jun-19,27-Mar-20,273
SZG2730278,SZGT27302781,40,54.98,8.17%,8.70%,12-Jul-19,9-Apr-20,272
SZG2730279,SZGT27302799,40,60,8.15%,8.68%,26-Jul-19,24-Apr-20,273
SZG2730280,SZGT27302807,40,60,8.15%,8.67%,9-Aug-19,8-May-20,273
SZG2730281,SZGT27302815,40,60,8.10%,8.62%,23-Aug-19,22-May-20,273
SZG273O282,SZGT273O2823,40,4.21,8.10%,8.62%,5-Sep-19,5-Jun-20,274
SZG2730283,SZGT27302831,40,60,8.09%,8.61%,20-Sep-19,19-Jun-20,273
SZG2730284,SZGT27302849,40,40,8.08%,8.60%,4-Oct-19,3-Jul-20,273
SZG2730285,SZGT27302856,40,60,8.03%,8.55%,18-Oct-19,17-Jul-20,273
SZG2730286,SZGT27302864,40,38.1,8.03%,8.55%,1-Nov-19,31-Jul-20,273
SZG2730287,SZGT27302872,40,60,8.02%,8.53%,15-Nov-19,14-Aug-20,273
SZG2730288,SZGT27302880,50,74.65,8.02%,8.53%,29-Nov-19,28-Aug-20,273
SZG2730289,SZGT27302898,50,74.21,8.01%,8.52%,13-Dec-19,11-Sep-20,273
SZG2730290,SZGT27302906,50,34.7,7.98%,8.48%,27-Dec-19,25-Sep-20,273
SZG2730291,SZGT27302914,50,75,8.03%,8.54%,10-Jan-20,9-Oct-20,273
SZG2730292,SZGT27302922,50,75,8.04%,8.56%,24-Jan-20,23-Oct-20,273
SZG2730293,SZGT27302930,50,57.86,8.00%,8.51%,7-Feb-20,6-Nov-20,273
SZG2730294,SZGT27302948,50,75,8.02%,8.53%,21-Feb-20,20-Nov-20,273
SZG2730295,SZGT27302955,50,45.52,8.03%,8.54%,6-Mar-20,4-Dec-20,273
SZG2730296,SZGT27302963,50,75,7.99%,8.50%,20-Mar-20,18-Dec-20,273
SZG2730297,SZGT27302971,50,75,7.69%,8.16%,3-Apr-20,31-Dec-20,272
SZG2730298,SZGT27302989,50,75,7.34%,7.76%,17-Apr-20,15-Jan-21,273
SZG2730299,SZGT27302997,50,4.11,6.03%,6.32%,30-Apr-20,29-Jan-21,274
SZG2730300,SZGT27303003,50,75,6.01%,6.29%,15-May-20,12-Feb-21,273
SZG2730301,SZGT27303011,50,75,5.59%,5.83%,29-May-20,26-Feb-21,273
SZG2730302,SZGT27303029,50,75,5.50%,5.74%,12-Jun-20,12-Mar-21,273
SZG2730303,SZGT27303037,50,75,5.49%,5.73%,26-Jun-20,26-Mar-21,273
SZG2730304,SZGT27303045,50,68.5,5.53%,5.76%,10-Jul-20,9-Apr-21,273
SZG2730305,SZGT27303052,50,75,5.51%,5.75%,24-Jul-20,23-Apr-21,273
SZG2730306,SZGT27303060,50,75,5.47%,5.71%,7-Aug-20,7-May-21,273
SZG2730307,SZGT27303078,50,75,5.43%,5.66%,21-Aug-20,21-May-21,273
SZG2730308,SZGT27303086,50,75,5.38%,5.60%,4-Sep-20,4-Jun-21,273
SZG2730309,SZGT27303094,50,75,5.32%,5.54%,18-Sep-20,18-Jun-21,273
SZG2730310,SZGT27303102,50,100,5.26%,5.47%,2-Oct-20,2-Jul-21,273
SZG2730311,SZGT27303110,50,65.35,5.18%,5.39%,16-Oct-20,16-Jul-21,273
SZG2730312,SZGT27303128,50,64.22,5.15%,5.36%,30-Oct-20,30-Jul-21,273
SZG2730313,SZGT27303136,50,9.46,5.15%,5.36%,13-Nov-20,13-Aug-21,273
SZG2730314,SZGT27303144,50,74.14,5.17%,5.38%,27-Nov-20,27-Aug-21,273
SZG2730315,SZGT27303151,50,64.96,5.15%,5.36%,11-Dec-20,10-Sep-21,273
SZG2730316,SZGT27303169,50,40,5.12%,5.33%,24-Dec-20,24-Sep-21,274
SZG2730317,SZGT27303177,50,40.45,5.12%,5.33%,8-Jan-21,8-Oct-21,273
SZG2730318,SZGT27303185,50,44.27,5.12%,5.32%,22-Jan-21,22-Oct-21,273
SZG2730319,SZGT27303193,50,100,5.10%,5.31%,5-Feb-21,5-Nov-21,273
SZG2730320,SZGT27303201,50,100,5.11%,5.31%,19-Feb-21,19-Nov-21,273
SZG2730321,SZGT27303219,50,50.5,5.09%,5.30%,5-Mar-21,3-Dec-21,273
SZG2730322,SZGT27303227,50,80.09,5.13%,5.34%,19-Mar-21,17-Dec-21,273
SZG2730323,SZGT27303235,50,30.79,5.21%,5.43%,1-Apr-21,31-Dec-21,274
SZG2730324,SZGT27303243,50,100,5.25%,5.47%,16-Apr-21,14-Jan-22,273
SZG2730325,SZGT27303250,50,40.33,5.24%,5.54%,30-Apr-21,28-Jan-22,273
SZG2730326,SZGT27303268,50,68.38,5.30%,5.52%,14-May-21,11-Feb-22,273
SZG2730327,SZGT27303276,50,53.01,5.34%,5.57%,28-May-21,25-Feb-22,273
SZG2730328,SZGT27303284,50,70.27,5.37%,5.59%,11-Jun-21,11-Mar-22,273
SZG2730329,SZGT27303292,50,49.94,5.44%,5.67%,25-Jun-21,25-Mar-22,273
SZG2730330,SZGT27303300,50,10.02,5.42%,5.65%,9-Jul-21,8-Apr-22,273
SZG2730331,SZGT27303318,50,100,5.55%,5.79%,23-Jul-21,22-Apr-22,273
SZG2730332,SZGT27303326,50,90.1,5.69%,5.94%,6-Aug-21,6-May-22,273
SZG2730333,SZGT27303334,50,55.47,5.70%,5.95%,20-Aug-21,20-May-22,273
SZG2730334,SZGT27303342,50,100,5.68%,5.93%,3-Sep-21,3-Jun-22,273
SZG2730335,SZGT27303359,50,100,5.50%,5.74%,17-Sep-21,17-Jun-22,273
SZG2730336,SZGT27303367,50,100,5.51%,5.75%,1-Oct-21,1-Jul-22,273
SZG2730337,SZGT27303375,50,35.49,5.58%,5.82%,15-Oct-21,15-Jul-22,273
SZG2730338,SZGT27303383,50,90.24,5.65%,5.90%,29-Oct-21,29-Jul-22,273
SZG2730339,SZGT27303391,50,67,5.65%,5.90%,12-Nov-21,12-Aug-22,273
SZG2730340,SZGT27303409,50,30.36,5.74%,6.00%,26-Nov-21,26-Aug-22,273
SZG2730341,SZGT27303417,50,100,5.70%,5.96%,10-Dec-21,9-Sep-22,273
SZG2730342,SZGT27303425,50,90.13,5.74%,6.00%,24-Dec-21,23-Sep-22,273
SZG2730343,SZGT27303433,50,0.57,5.74%,6.00%,7-Jan-22,7-Oct-22,273
SZG2730344,SZGT27303441,50,100,5.74%,6.00%,21-Jan-22,21-Oct-22,273
SZG2730345,SZGT27303458,50,40.21,5.91%,6.18%,4-Feb-22,4-Nov-22,273
SZG2730346,SZGT27303466,50,81.38,5.97%,6.25%,18-Feb-22,18-Nov-22,273
SZG2730347,SZGT27303474,50,60.11,6.11%,6.40%,4-Mar-22,2-Dec-22,273
SZG2730348,SZGT27303482,50,53.1,6.25%,6.56%,18-Mar-22,16-Dec-22,273
SZG2730349,SZGT27303490,50,60.02,6.34%,6.66%,1-Apr-22,30-Dec-22,273
SZG2730350,SZGT27303508,50,100,6.41%,6.74%,14-Apr-22,13-Jan-23,274
SZG2730351,SZGT27303516,50,50.02,6.55%,6.89%,28-Apr-22,26-Jan-23,273
SZG2730352,SZGT27303524,50,50.54,6.64%,6.98%,13-May-22,10-Feb-23,273
SZG2730353,SZGT27303532,50,100,6.94%,7.32%,27-May-22,24-Feb-23,273
SZG2730354,SZGT27303540,50,70.28,7.08%,7.48%,10-Jun-22,10-Mar-23,273
SZG2730355,SZGT27303557,50,20.6,7.12%,7.52%,24-Jun-22,24-Mar-23,273
SZG2730356,SZGT27303565,50,0,0.00%,0.00%,8-Jul-22,7-Apr-23,273
SZG2730357,SZGT27303573,50,10.49,7.33%,7.76%,21-Jul-22,21-Apr-23,274
SZG2730358,SZGT27303581,50,20.45,7.55%,8.00%,5-Aug-22,5-May-23,273
SZG2730359,SZGT27303599,50,100,7.68%,8.15%,19-Aug-22,19-May-23,273
SZG2730360,SZGT27303607,50,65.04,7.70%,8.17%,2-Sep-22,2-Jun-23,273
SZG2730361,SZGT27303615,50,100,7.72%,8.26%,16-Sep-22,16-Jun-23,273
SZG2730362,SZGT27303623,50,95.11,8.48%,9.05%,30-Sep-22,30-Jun-23,273
SZG2730363,SZGT27303631,50,60.59,8.55%,9.13%,14-Oct-22,14-Jul-23,273
SZG2730364,SZGT27303649,50,20.1,8.61%,9.20%,28-Oct-22,28-Jul-23,273
SZG2730365,SZGT27303656,50,10.32,8.70%,9.30%,11-Nov-22,11-Aug-23,273
SZG2730366,SZGT27303664,50,16.84,8.77%,9.39%,25-Nov-22,25-Aug-23,273
SZG2730367,SZGT27303672,50,100,8.83%,9.45%,9-Dec-22,8-Sep-23,273
SZG2730368,SZGT27303680,50,100,8.87%,9.50%,23-Dec-22,22-Sep-23,273
SZG2730369,SZGT27303698,50,100,8.93%,9.57%,6-Jan-23,6-Oct-23,273
SZG2730370,SZGT27303706,50,65,8.95%,9.60%,20-Jan-23,20-Oct-23,273
SZG2730371,SZGT27303714,50,35.09,8.90%,9.53%,3-Feb-23,3-Nov-23,273
SZG2730372,SZGT27303722,50,40.58,9.03%,9.68%,17-Feb-23,17-Nov-23,273
SZG2730373,SZGT27303730,50,40.4,9.10%,9.77%,3-Mar-23,1-Dec-23,273
SZG2730374,SZGT27303748,50,70.17,9.09%,9.76%,17-Mar-23,15-Dec-23,273
SZG2730375,SZGT27303755,50,51.87,9.03%,9.68%,31-Mar-23,29-Dec-23,273
SZG2730376,SZGT27303763,50,85.06,9.16%,9.83%,14-Apr-23,12-Jan-24,273
SZG2730377,SZGT27303771,50,45.81,9.19%,9.87%,28-Apr-23,26-Jan-24,273
SZG2730378,SZGT27303789,50,98.1,9.26%,9.95%,12-May-23,9-Feb-24,273
SZG2730379,SZGT27303797,50,77,9.33%,10.03%,26-May-23,23-Feb-24,273
SZG2730380,SZGT27303805,50,90.16,9.56%,10.30%,9-Jun-23,8-Mar-24,273
SZG2730381,SZGT27303813,50,55.91,9.46%,10.18%,23-Jun-23,22-Mar-24,273
SZG2730382,SZGT27303821,50,30.11,9.51%,10.23%,7-Jul-23,5-Apr-24,273
SZG2730383,SZGT27303839,50,91.5,9.62%,10.36%,21-Jul-23,18-Apr-24,272
SZG2730384,SZGT27303847,50,20.11,9.48%,10.20%,4-Aug-23,3-May-24,273
SZG2730385,SZGT27303854,50,10.39,9.35%,10.05%,18-Aug-23,17-May-24,273
SZG2730386,SZGT27303862,50,100.25,9.22%,9.90%,1-Sep-23,31-May-24,273
SZG2730387,SZGT27303870,50,100,9.32%,10.02%,15-Sep-23,14-Jun-24,273
SZG2730388,SZGT27303888,50,100,9.26%,9.94%,2-Oct-23,28-Jun-24,270
SZG2730389,SZGT27303896,50,100,9.26%,9.95%,13-Oct-23,12-Jul-24,273
SZG2730390,SZGT27303904,50,107.52,9.30%,10.00%,27-Oct-23,26-Jul-24,273
SZG2730391,SZGT27303912,50,103.2,9.30%,10.00%,10-Nov-23,9-Aug-24,273
SZG2730392,SZGT27303920,50,70.08,9.35%,10.05%,24-Nov-23,23-Aug-24,273
SZG2730393,SZGT27303938,50,90.31,9.34%,10.04%,8-Dec-23,5-Sep-24,272
SZG2730394,SZGT27303946,50,20.7,9.40%,10.11%,22-Dec-23,20-Sep-24,273
SZG2730395,SZGT27303953,50,0.67,9.40%,10.11%,5-Jan-24,4-Oct-24,273
SZG2730396,SZGT27303961,50,20.05,9.40%,10.11%,19-Jan-24,18-Oct-24,273
SZG2730397,SZGT27303979,50,1.22,9.40%,10.11%,2-Feb-24,1-Nov-24,273
SZG2730398,SZGT27303987,50,100,9.46%,10.18%,16-Feb-24,15-Nov-24,273
SZG2730399,SZGT27303995,50,44.02,9.47%,10.19%,1-Mar-24,29-Nov-24,273
SZG2730400,SZGT27304001,50,35.61,9.49%,10.21%,15-Mar-24,13-Dec-24,273
SZG2730401,SZGT27304019,50,17.12,9.48%,10.20%,28-Mar-24,27-Dec-24,274
SZG2730402,SZGT27304027,50,40.16,9.49%,10.21%,12-Apr-24,10-Jan-25,273
SZG2730403,SZGT27304035,50,86.89,9.49%,10.21%,26-Apr-24,24-Jan-25,273
SZG2730404,SZGT27304043,50,45.1,9.52%,10.25%,10-May-24,7-Feb-25,273
SZG2730405,SZGT27304050,50,41.04,9.48%,10.21%,24-May-24,21-Feb-25,273
SZG2730406,SZGT27304068,50,25.56,9.51%,10.24%,7-Jun-24,7-Mar-25,273
SZG2730407,SZGT27304076,50,55.96,9.46%,10.18%,21-Jun-24,21-Mar-25,273
SZG2730408,SZGT27304084,50,0.38,9.46%,10.18%,5-Jul-24,4-Apr-25,273
SZG2730409,SZGT27304092,50,100.15,9.51%,10.23%,19-Jul-24,17-Apr-25,272
SZG2730410,SZGT27304100,50,100.79,9.65%,10.40%,2-Aug-24,2-May-25,273
SZG2730411,SZGT27304118,50,100,9.64%,10.39%,16-Aug-24,16-May-25,273
SZG2730412,SZGT27304126,50,100,9.61%,10.36%,30-Aug-24,30-May-25,273
SZG2730413,SZGT27304134,50,100.32,9.61%,10.35%,13-Sep-24,13-Jun-25,273
SZG2730414,SZGT27304142,50,131.48,9.49%,10.22%,27-Sep-24,27-Jun-25,273
SZG2730415,SZGT27304159,50,40.79,9.46%,10.18%,11-Oct-24,11-Jul-25,273
SZG2730416,SZGT27304167,50,10,9.49%,10.22%,25-Oct-24,25-Jul-25,273
SZG2730417,SZGT27304175,50,70.28,9.52%,10.25%,8-Nov-24,8-Aug-25,273
SZG2730418,SZGT27304183,50,95.19,9.55%,10.29%,22-Nov-24,22-Aug-25,273
SZG2730419,SZGT27304191,50,80.42,9.54%,10.27%,6-Dec-24,5-Sep-25,273
SZG2730420,SZGT27304209,50,70.14,9.54%,10.27%,20-Dec-24,19-Sep-25,273
SZG2730421,SZGT27304217,50,0,0.00%,0.00%,3-Jan-25,3-Oct-25,273
SZG2730422,SZGT27304225,50,77.36,9.54%,10.27%,17-Jan-25,17-Oct-25,273
SZG2730423,SZGT27304233,50,101.03,9.55%,10.28%,31-Jan-25,31-Oct-25,273
SZG2730424,SZGT27304241,50,30.65,9.55%,10.28%,14-Feb-25,14-Nov-25,273
SZG2730425,SZGT27304258,50,95.96,9.53%,10.27%,28-Feb-25,28-Nov-25,273
SZG2730426,SZGT27304266,50,81.44,9.52%,10.25%,14-Mar-25,12-Dec-25,273
SZG2730427,SZGT27304274,50,5.09,9.40%,10.11%,28-Mar-25,24-Dec-25,271
SZG2730428,SZGT27304282,50,50.52,9.46%,10.18%,11-Apr-25,9-Jan-26,273
SZG2730429,SZGT27304290,50,40.8,9.41%,10.12%,24-Apr-25,23-Jan-26,274
SZG2730430,SZGT27304308,50,64.59,9.47%,10.19%,9-May-25,6-Feb-26,273
SZG2730431,SZGT27304316,50,9.34,9.47%,10.19%,23-May-25,20-Feb-26,273
SZG2730432,SZGT27304324,50,50.36,9.51%,10.24%,6-Jun-25,6-Mar-26,273
SZG3640180,SZGT36401800,40,25.38,8.10%,8.81%,19-Jan-18,18-Jan-19,364
SZG3640181,SZGT36401818,40,40,7.98%,8.67%,26-Jan-18,25-Jan-19,364
SZG3640182,SZGT36401826,40,40,8.07%,8.77%,16-Feb-18,15-Feb-19,364
SZG3640183,SZGT36401834,40,40,8.04%,8.74%,16-Mar-18,15-Mar-19,364
SZG3640184,SZGT36401842,40,40,7.93%,8.61%,13-Apr-18,12-Apr-19,364
SZG3640185,SZGT36401859,40,40,7.87%,8.54%,11-May-18,10-May-19,364
SZG3640186,SZGT36401867,40,40,7.80%,8.46%,8-Jun-18,7-Jun-19,364
SZG3640187,SZGT36401875,40,40,7.76%,8.42%,6-Jul-18,5-Jul-19,364
SZG3640188,SZGT36401883,40,40,7.76%,8.41%,3-Aug-18,2-Aug-19,364
SZG3640189,SZGT36401891,40,60,7.67%,8.31%,31-Aug-18,30-Aug-19,364
SZG3640190,SZGT36401909,40,17.23,7.80%,8.45%,28-Sep-18,27-Sep-19,364
SZG3640191,SZGT36401917,40,51.69,7.87%,8.54%,26-Oct-18,25-Oct-19,364
SZG3640192,SZGT36401925,40,35.96,7.89%,8.56%,23-Nov-18,22-Nov-19,364
SZG3640193,SZGT36401933,40,28.45,7.97%,8.66%,21-Dec-18,20-Dec-19,364
SZG3640194,SZGT36401941,40,41.53,8.04%,8.74%,18-Jan-19,17-Jan-20,364
SZG3640195,SZGT36401958,40,33.26,8.05%,8.75%,25-Jan-19,24-Jan-20,364
SZG3640196,SZGT36401966,40,52.4,8.09%,8.80%,15-Feb-19,14-Feb-20,364
SZG3640197,SZGT36401974,40,57.07,8.08%,8.79%,15-Mar-19,13-Mar-20,364
SZG3640198,SZGT36401982,40,44.23,8.07%,8.78%,12-Apr-19,9-Apr-20,363
SZG3640199,SZGT36401990,40,60,8.06%,8.77%,10-May-19,8-May-20,364
SZG3640200,SZGT36402004,40,60,8.05%,8.75%,7-Jun-19,5-Jun-20,364
SZG3640201,SZGT36402012,40,60,8.03%,8.73%,5-Jul-19,3-Jul-20,364
SZG3640202,SZGT36402020,40,60,8.03%,8.73%,2-Aug-19,31-Jul-20,364
SZG3640203,SZGT36402038,40,45.13,8.02%,8.72%,30-Aug-19,28-Aug-20,364
SZG3640204,SZGT36402046,40,60,7.96%,8.65%,27-Sep-19,25-Sep-20,364
SZG3640205,SZGT36402053,40,60,7.94%,8.62%,25-Oct-19,23-Oct-20,364
SZG3640206,SZGT36402069,50,49.67,7.93%,8.61%,22-Nov-19,20-Nov-20,364
SZG3640207,SZGT36402077,50,50,7.77%,8.42%,20-Dec-19,18-Dec-20,364
SZG3640208,SZGT36402085,50,75,7.82%,8.48%,17-Jan-20,15-Jan-21,364
SZG3640209,SZGT36402093,50,52.48,7.93%,8.61%,24-Jan-20,22-Jan-21,364
SZG3640210,SZGT36402101,50,75,7.90%,8.58%,14-Feb-20,12-Feb-21,364
SZG3640211,SZGT36402119,50,68.96,7.92%,8.60%,13-Mar-20,12-Mar-21,364
SZG3640212,SZGT36402127,50,75,7.59%,8.21%,9-Apr-20,9-Apr-21,365
SZG3640213,SZGT36402135,50,62.63,6.37%,6.80%,8-May-20,7-May-21,364
SZG3640214,SZGT36402143,50,72.02,5.89%,6.26%,5-Jun-20,4-Jun-21,364
SZG3640215,SZGT36402150,50,75,5.89%,6.26%,3-Jul-20,2-Jul-21,364
SZG3640216,SZGT36402168,50,75,5.72%,6.07%,31-Jul-20,30-Jul-21,364
SZG3640217,SZGT36402176,50,75,5.61%,5.95%,28-Aug-20,27-Aug-21,364
SZG3640218,SZGT36402184,50,75,5.52%,5.84%,25-Sep-20,24-Sep-21,364
SZG3640219,SZGT36402192,50,30.94,5.47%,5.79%,23-Oct-20,22-Oct-21,364
SZG3640220,SZGT36402200,50,71.35,5.44%,5.75%,20-Nov-20,19-Nov-21,364
SZG3640221,SZGT36402218,50,5.44,5.44%,5.75%,18-Dec-20,17-Dec-21,364
SZG3640222,SZGT36402226,50,5.3,5.42%,5.73%,15-Jan-21,14-Jan-22,364
SZG3640223,SZGT36402234,50,83.54,5.38%,5.68%,22-Jan-21,21-Jan-22,364
SZG3640224,SZGT36402242,50,100,5.33%,5.63%,12-Feb-21,11-Feb-22,364
SZG3640225,SZGT36402259,50,100,5.33%,5.63%,12-Mar-21,11-Mar-22,364
SZG3640226,SZGT36402267,50,100,5.35%,5.65%,9-Apr-21,8-Apr-22,364
SZG3640227,SZGT36402275,50,100,5.34%,5.64%,7-May-21,6-May-22,364
SZG3640228,SZGT36402283,50,67.82,5.38%,5.68%,4-Jun-21,3-Jun-22,364
SZG3640229,SZGT36402291,50,2.97,5.55%,5.88%,2-Jul-21,1-Jul-22,364
SZG3640230,SZGT36402309,50,65.49,5.60%,5.93%,30-Jul-21,29-Jul-22,364
SZG3640231,SZGT36402317,50,50,5.64%,5.98%,27-Aug-21,26-Aug-22,364
SZG3640232,SZGT36402325,50,2.38,5.62%,5.95%,24-Sep-21,23-Sep-22,364
SZG3640233,SZGT36402333,50,2.37,5.79%,6.14%,22-Oct-21,21-Oct-22,364
SZG3640234,SZGT36402341,50,21.37,5.75%,6.10%,19-Nov-21,18-Nov-22,364
SZG3640235,SZGT36402358,50,59.57,5.77%,6.12%,17-Dec-21,16-Dec-22,364
SZG3640236,SZGT36402366,50,10.52,5.75%,6.10%,14-Jan-22,13-Jan-23,364
SZG3640237,SZGT36402374,50,83.24,5.79%,6.14%,21-Jan-22,20-Jan-23,364
SZG3640238,SZGT36402382,50,91.03,6.03%,6.42%,11-Feb-22,10-Feb-23,364
SZG3640239,SZGT36402390,50,28.41,6.29%,6.71%,11-Mar-22,10-Mar-23,364
SZG3640240,SZGT36402408,50,100,6.34%,6.76%,8-Apr-22,6-Apr-23,363
SZG3640241,SZGT36402416,50,15.96,6.54%,7.00%,6-May-22,5-May-23,364
SZG3640242,SZGT36402424,50,57.35,7.14%,7.69%,3-Jun-22,2-Jun-23,364
SZG3640243,SZGT36402432,50,44.24,7.30%,7.88%,1-Jul-22,30-Jun-23,364
SZG3640244,SZGT36402440,50,28.78,7.62%,8.25%,29-Jul-22,28-Jul-23,364
SZG3640245,SZGT36402457,50,91.1,7.70%,8.34%,26-Aug-22,25-Aug-23,364
SZG3640246,SZGT36402465,50,96.9,7.92%,8.60%,23-Sep-22,22-Sep-23,364
SZG3640247,SZGT36402473,50,82.27,8.73%,9.56%,21-Oct-22,20-Oct-23,364
SZG3640248,SZGT36402481,50,21.28,8.81%,9.66%,18-Nov-22,17-Nov-23,364
SZG3640249,SZGT36402499,50,100,8.85%,9.71%,16-Dec-22,15-Dec-23,364
SZG3640250,SZGT36402507,50,95.81,8.89%,9.75%,13-Jan-23,12-Jan-24,364
SZG3640251,SZGT36402515,50,83.27,8.93%,9.80%,20-Jan-23,19-Jan-24,364
SZG3640252,SZGT36402523,50,53.28,8.94%,9.82%,10-Feb-23,9-Feb-24,364
SZG3640253,SZGT36402531,50,53.53,8.98%,9.87%,10-Mar-23,8-Mar-24,364
SZG3640254,SZGT36402549,50,97.13,9.12%,10.04%,6-Apr-23,5-Apr-24,365
SZG3640255,SZGT36402556,50,59.54,9.19%,10.12%,5-May-23,3-May-24,364
SZG3640256,SZGT36402564,50,73.05,9.54%,10.54%,2-Jun-23,31-May-24,364
SZG3640257,SZGT36402572,50,15.41,9.62%,10.64%,30-Jun-23,28-Jun-24,364
SZG3640258,SZGT36402580,50,100,9.60%,10.62%,28-Jul-23,26-Jul-24,364
SZG3640259,SZGT36402598,50,180,9.55%,10.56%,25-Aug-23,23-Aug-24,364
SZG3640260,SZGT36402606,50,100,9.54%,10.54%,22-Sep-23,20-Sep-24,364
SZG3640261,SZGT36402614,50,124.59,9.49%,10.48%,20-Oct-23,18-Oct-24,364
SZG3640262,SZGT36402622,50,100,9.50%,10.49%,17-Nov-23,15-Nov-24,364
SZG3640263,SZGT36402630,50,131.5,9.51%,10.50%,15-Dec-23,13-Dec-24,364
SZG3640264,SZGT36402648,50,171.1,9.51%,10.51%,12-Jan-24,10-Jan-25,364
SZG3640265,SZGT36402655,50,117.83,9.55%,10.55%,19-Jan-24,17-Jan-25,364
SZG3640266,SZGT36402663,50,151,9.56%,10.56%,9-Feb-24,7-Feb-25,364
SZG3640267,SZGT36402671,50,125.71,9.54%,10.54%,8-Mar-24,7-Mar-25,364
SZG3640268,SZGT36402689,50,2.92,9.54%,10.54%,5-Apr-24,4-Apr-25,364
SZG3640269,SZGT36402697,50,71.28,9.58%,10.59%,3-May-24,2-May-25,364
SZG3640270,SZGT36402705,50,40.06,9.11%,10.02%,31-May-24,30-May-25,364
SZG3640271,SZGT36402713,50,49.52,9.45%,10.43%,28-Jun-24,27-Jun-25,364
SZG3640272,SZGT36402721,50,200,9.49%,10.48%,26-Jul-24,25-Jul-25,364
SZG3640273,SZGT36402739,50,180,9.48%,10.46%,23-Aug-24,22-Aug-25,364
SZG3640274,SZGT36402747,50,140.72,9.44%,10.43%,20-Sep-24,19-Sep-25,364
SZG3640275,SZGT36402754,50,92.58,9.41%,10.39%,18-Oct-24,17-Oct-25,364
SZG3640276,SZGT36402762,50,71.92,9.44%,10.42%,15-Nov-24,14-Nov-25,364
SZG3640277,SZGT36402770,50,66.7,9.38%,10.35%,13-Dec-24,12-Dec-25,364
SZG3640278,SZGT36402788,50,134.82,9.37%,10.34%,10-Jan-25,9-Jan-26,364
SZG3640279,SZGT36402796,50,78.24,9.37%,10.34%,17-Jan-25,16-Jan-26,364
SZG3640280,SZGT36402804,50,140.4,9.38%,10.34%,7-Feb-25,6-Feb-26,364
SZG3640281,SZGT36402812,50,51.61,9.38%,10.35%,7-Mar-25,6-Mar-26,364
SZG3640282,SZGT36402820,50,88.11,9.46%,10.44%,4-Apr-25,2-Apr-26,363
SZG3640283,SZGT36402838,50,55.34,9.43%,10.40%,2-May-25,30-Apr-26,363
SZG3640284,SZGT36402846,50,54.64,9.36%,10.33%,30-May-25,29-May-26,364
